timestamp,open,high,low,close,volume
1632528000000,30036.2,30485,29683.3,30272.6,9.71
1632614400000,30276.4,30984.9,27760.6,30363.9,38.87
1632700800000,30346.1,31712,28600.5,28600.5,29.56
1632787200000,28630.5,29963.3,28121.8,28219.8,53
1632873600000,28186.1,29588.2,27929.5,28573.1,65.58
1632960000000,28577.1,29561.1,28425,29207.7,86.74
1633046400000,29190.9,31690.8,28830.2,31685.9,94.69
1633132800000,31671.6,32763.6,30948.1,31889.9,80.81
1633219200000,31883.7,32237.9,31201.6,31342.7,80.21
1633305600000,31345.5,31363.6,29686.5,30769.3,101.53
1633392000000,30770,32317.4,30090,31861.1,130.76
1633478400000,31882.2,32793.8,29860.2,32052.3,118.21
1633564800000,32045.6,32727.7,30910.1,32181,120.68
1633651200000,32181.8,37453.6,32056.9,34622.2,255.63
1633737600000,34627.6,35339,33791.3,33983.8,93.95
1633824000000,33993.9,34881.7,32464.8,32593,101.22
1633910400000,32580.5,35534.1,32123.3,35501.9,120.84
1633996800000,35509.5,35509.5,33001.9,34586.7,117.11
1634083200000,34578.4,35414,33884,34386.2,103.35
1634169600000,34390.3,35860,34200,35166.2,75.5282
1634256000000,35187.7,36412.6,34411.5,35755.9,139.3377
1634342400000,35755.9,36115.5,34758.8,34889,95.127
1634428800000,34907.4,35359.8,33106.5,34566.7,45.2768
1634515200000,34566.7,34758.4,33087.7,33603.3,0.1014
1634601600000,33611.6,34535.5,33365.5,34531.7,0.0683
1634688000000,34543.5,35959.9,33968.6,35841.1,0.0689
1634774400000,35847.6,36406.2,33973.5,34081.9,0.1305
1634860800000,34081.9,34623.2,33296.8,34373.9,0.0711
1634947200000,34387.9,35581.8,34190.9,35549.9,0.0763
1635033600000,35551.9,35673.5,33747.9,34286.3,0.0643
1635120000000,34286.3,34864.4,34130.1,34564.1,0.0567
1635206400000,34566.9,38601.1,34514.9,37407.5,0.1246
1635292800000,37407.5,39295.1,33592.9,33683.5,0.1945
1635379200000,33722.3,34849.2,33252.9,33956.3,0.1455
1635465600000,34012.9,35273.9,33863.9,34798.7,0.1044
1635552000000,34797.9,34829,33325.9,33553.4,0.0682
1635638400000,33550.9,34084.4,32934.9,33896.7,0.0973
1635724800000,33905.1,34805.3,33033.9,34620.9,0.1157
1635811200000,34609.9,35123.5,34036.3,34812.5,0.079
1635897600000,34828.9,35232.9,33484.7,34463.2,0.0861
1635984000000,34479.9,34479.9,33125.3,33777.8,0.078
1636070400000,33761.6,34191.9,33489.3,33800.8,0.0632
1636156800000,33815.7,33815.8,32162.9,33659,0.0667
1636243200000,33659,35315,33255.9,35313.9,0.0473
1636329600000,35315,36190.6,34888.9,35433.4,0.0737
1636416000000,35433.4,35487.6,34272.9,34334.3,0.0839
1636502400000,34334.3,35585.4,32255.9,32788.9,0.1005
1636588800000,32788.9,34741.1,32333.5,33504.3,0.0989
1636675200000,33494.9,35301.7,31473.5,32005,0.1025
1636761600000,32007.5,32850.7,31916.5,32502.9,0.0455
1636848000000,32502.9,34294.4,32500.9,33330.1,0.0691
1636934400000,33340.7,35141.2,33173.3,33207.9,0.087
1637020800000,33207.9,33207.9,29591.7,30454,0.1243
1637107200000,30454,31035.8,29607.9,30967.9,0.0852
1637193600000,30967.9,35260,30231.9,32230.9,0.1018
1637280000000,32254.2,32791.9,30822.9,31566.9,0.0662
1637366400000,31564.9,32077.4,30627.9,31780.3,0.0485
1637452800000,31780.3,32478.9,31065,31439.9,0.0462
1637539200000,31373.9,32377.7,30276.2,30988.2,0.0613
1637625600000,30988.2,31944.4,30750,31399.9,0.0592
1637712000000,31396.9,31579.9,30214.9,30909.9,0.0592
1637798400000,30904.2,32522.2,30684.5,31882,0.0509
1637884800000,31897.8,32018.9,28218.4,28580.5,0.091
1637971200000,28611.9,29493.9,28451.9,29025.9,0.044
1638057600000,29020.9,29882.7,27619.9,29826.9,0.0559
1638144000000,29783.9,30196.6,29259.9,29953.9,0.0523
1638230400000,29956.5,30280.2,28995.6,29324.9,0.0637
1638316800000,29389.9,29958,28251.6,28723.9,0.0707
1638403200000,28726.9,29154.6,27881.9,28624.9,0.0709
1638489600000,28620.8,29204.6,26524.3,27298.9,0.0637
1638576000000,27298.9,27386.8,18645.3,24512.9,0.1277
1638662400000,24512.9,25287.6,22836.3,23551.7,0.1069
1638748800000,23543.6,23752.4,21569.4,23632.9,0.1127
1638835200000,23628.2,24338,21662.9,21843.2,0.0829
1638921600000,21858,22937.9,21208.3,22877.5,0.1036
1639008000000,22938.8,23722.9,20566.9,20790.9,0.1011
1639094400000,20790.9,21360.9,19754.9,19854.4,0.0763
1639180800000,19854.4,23102.7,19540.3,21307.7,0.0883
1639267200000,21310.9,22409.7,20643,21511.9,0.0513
1639353600000,21484.9,21629.9,18803.9,19394.9,0.0602
1639440000000,19393.9,20196.9,19043.9,19912.9,0.0626
1639526400000,19914.9,20765.9,18633.9,20438.1,0.0683
1639612800000,20438.1,25776.8,20438.1,24422.9,0.1444
1639699200000,24383.6,33760,24077.3,33416.9,0.4468
1639785600000,33424.3,34510,30039.9,31079.3,0.3034
1639872000000,31090.2,32957.8,30337.9,31782.2,0.1415
1639958400000,31782.2,39219.9,31264.9,36608.8,0.3298
1640044800000,36608.8,36687.2,33948.9,34465,0.1594
1640131200000,34463.5,35071,31304.9,31411.5,0.1465
1640217600000,31411.5,33053.8,30768.4,31332.7,0.1311
1640304000000,31340.1,33491.8,30107.9,32342.5,0.1329
1640390400000,32337.6,32694,30559.5,30993.9,0.0851
1640476800000,30993.9,31882.3,30132.9,30966.8,0.0729
1640563200000,30966.8,34545.8,30725.1,31528,0.1118
1640649600000,31528,31528,28333.9,28481.9,0.1217
1640736000000,28469.1,31189.3,27524.3,28329.8,0.1268
1640822400000,28311.9,30251.4,27775.9,29959.1,0.0975
1640908800000,29958.8,32752.4,29372.8,32103.3,0.0891
1640995200000,33333.7,38259,33324.2,36338.8,0.1138
1641081600000,36364,39243.9,35402.5,38900.9,0.1808
1641168000000,38900.9,41464.8,37622.2,38513.9,0.2608
1641254400000,38518.8,39499.3,35874.9,36061,0.1368
1641340800000,36036.4,37158.1,30760,32328.7,0.1733
1641427200000,32338.7,36779.6,30988.5,35771.9,0.2267
1641513600000,35713.9,36941.6,31168.9,35613.2,0.2901
1641600000000,35613.2,36461.4,31774.9,32872.6,0.1674
1641686400000,32880.1,35088.4,32240.9,32422.9,0.1505
1641772800000,32436.4,32523.9,29289.2,31799.9,0.1626
1641859200000,31794.7,33117.5,31327.9,32528.9,0.1074
1641945600000,32528.9,34520.6,32295.4,33600.7,0.0886
1642032000000,33600.7,34010,30899.9,31232.8,0.1115
1642118400000,31232.5,32847.9,30794.8,32017.9,0.0986
1642204800000,32017.9,33656,31480.9,33253.5,0.0793
1642291200000,33260,33860,32818.6,33353.6,0.0951
1642377600000,33356.9,33471.6,31005.9,31366.9,0.093
1642464000000,31369.9,33321.7,30691.9,32356.9,0.1172
1642550400000,32356.4,33293,31005.9,31912.8,0.1044
1642636800000,31906.9,34137.8,31071.1,31195.9,0.1229
1642723200000,31195.9,31195.9,24898.9,25519.9,0.1925
1642809600000,25519.9,26481.2,20000.1,22672.8,0.3377
1642896000000,22672.8,24908.6,22474.9,24877.9,0.1557
1642982400000,24875.9,24907.2,21221.1,23718.1,0.2731
1643068800000,23714.9,24760,23130.9,24267.8,0.1532
1643155200000,24260.8,25988.2,23238.4,23961.6,0.1808
1643241600000,23955.6,24632.4,22837.9,23685.6,0.1252
1643328000000,23687.2,23935.6,22138.9,23267.9,0.1137
1643414400000,23263.9,24479.8,23211.9,24060.2,0.1083
1643500800000,24060.2,24345.2,23238.7,23601.9,0.0422
1643587200000,23624.2,24631,22655.9,24615.9,0.1095
1643673600000,24615.3,25284.3,24363.9,25241.2,0.1097
1643760000000,25231.4,25490.1,22678.8,22800.2,0.1157
1643846400000,22798.8,23404.3,22282.4,23394,0.0949
1643932800000,23391,24678.2,23234.8,24678.2,0.1029
1644019200000,24678.2,25650.4,24454.3,24965.9,0.1014
1644105600000,24956.6,25153.9,23516.9,24402.9,0.0759
1644192000000,24394.4,26848,23782.9,26319.7,0.1184
1644278400000,26325.9,26856.4,24573.9,25300.9,0.1214
1644364800000,25295.9,26678.7,24576.7,26070.5,0.0779
1644451200000,26073.9,26084.9,24072.1,24230.9,0.0978
1644537600000,24230.9,24799.9,22515.5,22879.9,0.0887
1644624000000,22880.9,23573.4,22427.9,22921.8,0.0802
1644710400000,22921.9,23436.9,22466.9,22655.9,0.0496
1644796800000,22656.9,23072.5,22200,22880.9,0.0574
1644883200000,22880.9,24388,22830.9,24259.5,0.0577
1644969600000,24259.5,24282.9,22946.9,23467.9,0.0494
1645056000000,23474.9,23744.9,21840.9,22219.6,0.053
1645142400000,22223.9,22816.9,21489.6,21742.9,0.0575
1645228800000,21741.9,21982.9,21136.1,21459.9,0.0402
1645315200000,21454.9,21474.9,19900.9,20445.9,0.0573
1645401600000,20465.9,21696.9,19361.9,19462.9,0.0874
1645488000000,19462.9,20931.3,18970,20410.9,0.0826
1645574400000,20412.4,21050.9,19979.9,20092.9,0.0595
1645660800000,20112.9,20361.9,16923.9,19204.9,0.1676
1645747200000,19211.6,20152.6,18613.9,19942.2,0.0941
1645833600000,19942.2,21176.7,19910.3,20648.9,0.0808
1645920000000,20657.9,20826.9,18882.3,19184.9,0.069
1646006400000,19185.9,21351.9,18849.8,21349.2,0.0698
1646092800000,21343.2,22100.5,20763.1,21516.2,0.0818
1646179200000,21518.2,22237.9,20834.9,22131.9,0.0717
1646265600000,22131.9,22400,20721.8,21491.9,0.0816
1646352000000,21485.9,21757.9,19446.9,19665.9,0.0666
1646438400000,19665.9,20339.1,19228.9,20029.6,0.0515
1646524800000,20022.9,20098.5,17211.7,18016.9,0.178
1646611200000,18016.9,19729.6,17564.4,18177.9,0.1221
1646697600000,18177.9,20979.6,18053.9,19112.1,0.1305
1646784000000,19122.9,20345.2,19032.3,20184.9,0.0773
1646870400000,20184.9,20208.9,18495.9,18819.4,0.0599
1646956800000,18816.9,19074.9,18011.6,18299.9,0.0714
1647043200000,18298.1,18720.6,18096.1,18157.5,0.034
1647129600000,18159.7,18495.1,17606.1,17802.3,0.052
1647216000000,17802.9,18532.9,17683.4,18313.9,0.049
1647302400000,18298.9,18511.9,17618.9,18273.9,0.0479
1647388800000,18282.2,19048,18042.9,18993.9,0.0613
1647475200000,18993.9,19513.9,18671.9,19180.9,0.0448
1647561600000,19180.9,20569.5,18793.9,20339.9,0.0661
1647648000000,20369.6,20798.3,20048.9,20485.9,0.0596
1647734400000,20456.9,20590.9,19336.9,19691.9,0.027
1647820800000,19688.9,20349.9,19442.9,20124.9,0.0299
1647907200000,20123.9,20751.9,19723.9,20070.9,0.0278
1647993600000,20070.9,20319.6,19708.9,20218.9,0.0463
1648080000000,20218.9,21162.8,19983.9,20979.9,0.0752
1648166400000,20979.9,21487.5,20161.3,20359.7,0.0862
1648252800000,20358.9,21001,20194.9,20931.3,0.036
1648339200000,20931.3,22073.6,20453.9,22026.7,0.0549
1648425600000,22024.2,23760,21774.9,22036.4,0.1307
1648512000000,22036.4,23639.7,21774.9,23104.9,0.1093
1648598400000,23086.7,24355.7,22450.3,23805.6,0.1147
1648684800000,23805.6,24076.9,21892.9,22000.6,0.0919
1648771200000,22000.6,23352.9,21354.9,23256.8,0.0885
1648857600000,23264.9,23738.7,22586.7,23096.9,0.0951
1648944000000,23096.9,25224,22566.3,24987.8,0.1135
1649030400000,24987.8,25186.8,22783.8,23612.7,0.112
1649116800000,23631.5,24228,23104.7,23322.7,0.0818
1649203200000,23322.7,23337.1,21354.6,21487.9,0.1068
1649289600000,21481.9,21785.9,20786.9,21068.9,0.0716
1649376000000,21068.9,21682,20222.9,20315.9,0.078
1649462400000,20305.9,20456.8,19987.6,20418.9,0.0545
1649548800000,20431.2,20684.9,19806.9,19923.9,0.0515
1649635200000,19920.9,19971.9,17998.9,18292.9,0.0876
1649721600000,18297.9,19194.9,18091.9,18601.7,0.0704
1649808000000,18598.6,19267.3,18352.9,19187.9,0.0603
1649894400000,19187.9,19357.9,18428.2,18589.9,0.0559
1649980800000,18594.9,19069.9,18500.9,18874.9,0.0449
1650067200000,18874.9,19127.9,18527.3,18891.9,0.0364
1650153600000,18891.9,19194.9,18346.9,18495.9,0.0403
1650240000000,18495.9,18944.9,17774.9,18892.9,0.0606
1650326400000,18901.9,19378.9,18668.9,19211.9,0.0458
1650412800000,19210.9,19254.9,18636.1,18931.3,0.0513
1650499200000,18935.9,20027.9,18405.9,18554.9,0.0636
1650585600000,18556.9,18924.9,18235.3,18453.9,0.0579
1650672000000,18454.9,18538.9,18039,18125.9,0.0358
1650758400000,18129.9,18627.9,18002.7,18030.3,0.046
1650844800000,18030.3,18524.9,17288.7,18479.9,0.069
1650931200000,18479.9,18898,17056.7,17258.9,0.072
1651017600000,17257.9,17753.9,17068.4,17507.9,0.0574
1651104000000,17506.9,17999.8,17376.9,17644.9,0.0613
1651190400000,17649.9,17897.9,16162.4,16702,0.0676
1651276800000,16702,17003.9,15632.9,16448.9,0.0765
1651363200000,16427.5,17197.3,16110.9,16820.9,0.0708
1651449600000,16818.9,17155.9,16422.9,16899.9,0.0503
1651536000000,16900.9,17613.9,16824.9,17238.9,0.0532
1651622400000,17238.9,18345.2,17079.9,18108.9,0.0633
1651708800000,18111.9,18218.9,16295.9,16627.9,0.0642
1651795200000,16620.9,17047.9,16176.2,16504.9,0.0645
1651881600000,16505.9,16713.9,15897.9,16137.9,0.0391
1651968000000,16140.9,16242.9,15221.9,15352.9,0.064
1652054400000,15351.9,15573.9,12142.9,12268.4,0.123
1652140800000,12261.6,14556.1,12053.9,13467.9,0.1508
1652227200000,13467.9,14624.9,10962.9,11120.3,0.2247
1652313600000,11137.5,11824.9,8892.1,9691.9,0.1625
1652400000000,9691.9,10951.9,9481.3,9699.6,0.0999
1652486400000,9698.1,10126.2,9308,9983.9,0.0858
1652572800000,9984.9,10453.5,9588.7,10364.9,0.0579
1652659200000,10369.9,10369.9,9407,9504.9,0.0719
1652745600000,9505,10271.8,9415.7,9768.2,0.073
1652832000000,9757.3,10004.9,8807.7,8834.8,0.0736
1652918400000,8842.1,9528,8643.6,9272.7,0.0589
1653004800000,9272.7,9672.9,8779.3,8909.8,0.0676
1653091200000,8909.8,9208.9,8683.1,9025.4,0.0675
1653177600000,9026,9463.1,8900.7,9240.1,0.0554
1653264000000,9250.4,9563.1,8615.2,8702.2,0.0672
1653350400000,8705,9088.6,8518.4,8857.6,0.0587
1653436800000,8860,10101.9,7590.2,8222.7,0.143
1653523200000,8223.7,8440.3,7464.9,7519.6,0.12
1653609600000,7519.8,7774.4,7094.6,7152.3,0.1057
1653696000000,7154.5,7504.2,7105.2,7414.3,0.0808
1653782400000,7413.6,7433.4,7140.8,7218.7,0.0552
1653868800000,7217.5,8242.8,7153.6,8154.2,0.0702
1653955200000,8154.2,8303.9,7623.8,7826.1,0.0649
1654041600000,7829.8,7978.2,7091.9,7292.3,0.0594
1654128000000,7291.3,7393,7029.5,7362.1,0.0653
1654214400000,7362.8,7369.9,6890.1,7198.8,0.0623
1654300800000,7199,7356.4,7035.9,7345.5,0.0592
1654387200000,7343.1,7412.5,7071.8,7205.3,0.0439
1654473600000,7209.7,7590,7114.2,7236.8,0.0493
1654560000000,7235,7587.1,6901.6,7379.1,0.0659
1654646400000,7378.5,7564.4,7182.3,7212.8,0.0577
1654732800000,7212.3,7527.9,7129.4,7254.7,0.047
1654819200000,7255.6,7397.6,6750.6,6835.6,0.055
1654905600000,6836.4,6918.5,6047.2,6133.6,0.0738
1654992000000,6136.2,6228.6,5753.6,5784,0.0597
1655078400000,5789,5844,4491.6,4718.5,0.1258
1655164800000,4720.2,4875.5,4269.8,4673.1,0.0927
1655251200000,4664.5,5178.5,4055.1,5126.2,0.0995
1655337600000,5124,5245.2,4330.8,4368.1,0.0642
1655424000000,4373.1,4694,4328.1,4555.3,0.0606
1655510400000,4556,4634.9,3796.4,4148.6,0.0767
1655596800000,4145.2,4614.5,3897.2,4513.9,0.0715
1655683200000,4513.9,4795.5,4296.2,4685,0.048
1655769600000,4685.4,5349.5,4608.6,4888.2,0.0587
1655856000000,4889.6,5091.3,4703.4,4738.8,0.0619
1655942400000,4741.6,5237.5,4686.7,5192.4,0.0545
1656028800000,5195.1,7870.1,5115.3,6860.5,0.2504
1656115200000,6865.5,7149.8,6340.4,6826.4,0.1365
1656201600000,6825.4,6896.3,6181.3,6226,0.0771
1656288000000,6220.7,6636.4,5883.5,5970.4,0.0827
1656374400000,5979,6048.7,5333.9,5417.9,0.0722
1656460800000,5422.4,5594.7,5187.9,5370,0.0659
1656547200000,5370,5459.9,4835.7,5175.7,0.08
1656633600000,5175.7,5395.4,4957.3,5232.2,0.0624
1656720000000,5234.6,5826.5,5011.8,5785.9,0.0656
1656806400000,5787.8,5827,5297.5,5610.9,0.0536
1656892800000,5612.7,6255.3,5339.5,6126.1,0.0599
1656979200000,6131.7,6240.6,5717.1,5912.4,0.0496
1657065600000,5910.6,6226.7,5797.5,6084,0.0483
1657152000000,6083.6,6446.9,5932,6354.4,0.0504
1657238400000,6352.2,6625.2,6052,6063,0.07
1657324800000,6067.7,6298.1,6063.5,6259.2,0.0497
1657411200000,6260.4,6261.4,5712,5798.2,0.0693
1657497600000,5799,5801.3,5221.6,5266.8,0.0569
1657584000000,5265.5,5528.3,5186.7,5206.8,0.0405
1657670400000,5208.1,5706.5,5065.9,5680.1,0.0535
1657756800000,5677.4,5949.7,5426.5,5779.8,0.0425
1657843200000,5782.1,6093,5699.4,5922.6,0.046
1657929600000,5921.2,6155.6,5697.7,6034.4,0.0444
1658016000000,6034.4,6164.4,5803.4,5835.7,0.0424
1658102400000,5837.2,6435.5,5829.9,6381.8,0.0544
1658188800000,6380.3,6647.3,6035.9,6533.9,0.0653
1658275200000,6532.1,6785.5,6139.3,6262.9,0.0631
1658361600000,6263,6612.4,5995.8,6490.8,0.0548
1658448000000,6492.6,6648,6145.5,6338.8,0.0495
1658534400000,6340.9,6605.1,6064.9,6253.2,0.0574
1658620800000,6254.5,7231.7,6235.7,6751.2,0.0849
1658707200000,6748,6884.9,6024.7,6033.7,0.0565
1658793600000,6037.3,6639.9,6018.2,6633.4,0.061
1658880000000,6633.4,6991.8,6405.1,6934.7,0.058
1658966400000,6934.7,9559.9,6804.9,8911.1,0.1719
1659052800000,8912.3,11333.7,8425.1,10640.9,0.2126
1659139200000,10640.9,13960.5,10357.1,11540.6,0.3382
1659225600000,11539.6,12234.9,10513.9,10629.9,0.2146
1659312000000,10630,12012,10553.4,11379.2,0.182
1659398400000,11379.2,11629.8,10375.8,10520.7,0.1628
1659484800000,10519.8,11014,10180.9,10485,0.1187
1659571200000,10490.7,10994.4,10184.2,10407.9,0.1192
1659657600000,10409.9,12163.3,10366.4,12041.3,0.1327
1659744000000,12036.9,12043.6,11371.9,11488.9,0.1269
1659830400000,11488.9,11503.9,11029.6,11198.5,0.0849
1659916800000,11203.2,11749.8,11048.9,11218.9,0.0877
1660003200000,11214.9,11331.3,10534,10965.9,0.0923
1660089600000,10965.9,11631.6,10536.9,11270.6,0.1097
1660176000000,11270.6,11564.9,10948.9,11061,0.1028
1660262400000,11061,11382.6,10822.9,11270.9,0.0756
1660348800000,11271.3,11977.5,11099.8,11186,0.1063
1660435200000,11191.5,11496.4,10760,10991.3,0.0889
1660521600000,10992.9,11336.9,10607.5,10853.9,0.0685
1660608000000,10853.5,11005.9,10595.9,10773.9,0.0678
1660694400000,10773.1,11445.1,10655.9,10924.6,0.0955
1660780800000,10927.9,11110.9,9731.6,9976.9,0.0751
1660867200000,9975.9,10067.9,8352.9,8382.8,0.1254
1660953600000,8382.8,8885.5,8007.9,8311.4,0.0842
1661040000000,8311.4,8666.5,8255.1,8521.9,0.0692
1661126400000,8521.9,8724.2,8011.7,8699.6,0.0662
1661212800000,8696.9,9126.1,8528.7,8987.3,0.0702
1661299200000,8989.3,9341.5,8768.1,9120.1,0.0549
1661385600000,9118.4,10020.7,9111.1,9570.3,0.0583
1661472000000,9566,9733.2,8648.3,8746.3,0.0691
1661558400000,8764.8,8892.6,8377.1,8545.3,0.0503
1661644800000,8543.5,8758.7,8216,8252.7,0.0393
1661731200000,8252.7,8887.8,8169.1,8851,0.044
1661817600000,8846.7,9083.7,8371.2,8652.3,0.0534
1661904000000,8654.6,9055.8,8618.4,8792.8,0.0513
1661990400000,8790.1,9097.7,8536.5,8989.7,0.0349
1662076800000,8993.7,10050.9,8846.8,9846.9,0.0276
1662163200000,9847.9,9855.9,9159.7,9553.3,0.0288
1662249600000,9566.2,9622.2,9060.7,9215.5,0.0312
1662336000000,9215.1,9360.7,9044.9,9266.5,0.032
1662422400000,9270.7,9513.6,8364.7,8384.7,0.03
1662508800000,8387.6,9359.3,8254.6,9098.7,0.0297
1662595200000,9098.5,9297.2,8776.2,9036.2,0.0309
1662681600000,9036.2,11042.9,9010.3,10222.9,0.0268
1662768000000,10216.9,10296.9,9912.9,10202.9,0.0276
1662854400000,10200.9,10357.9,9693.4,9935.9,0.0278
1662940800000,9935.9,10142.9,9475.2,9524.4,0.0308
1663027200000,9520.6,9944.9,8774.9,8797.9,0.0293
1663113600000,8797.9,9093.3,8671.2,8957.4,0.0313
1663200000000,8963.7,8973.7,8248.6,8299.6,0.0304
1663286400000,8298.7,8599.1,8177.2,8433.2,0.0297
1663372800000,8434.8,9168.7,8432.4,9132.2,0.0291
1663459200000,9119,9135.3,7730.2,8109.4,0.0261
1663545600000,8112.8,8369.9,7846.9,8249.5,0.0294
1663632000000,8241.5,8399.4,8091,8231,0.0305
1663718400000,8231.3,8563.2,7576.4,7780.1,0.0294
1663804800000,7778.8,8304.7,7743,8220.5,0.0312
1663891200000,8219.7,8413.8,7829.9,8192.9,0.0311
1663977600000,8191.7,8267.3,7950.3,7990.7,0.0308
1664064000000,7990.9,8151.4,7793.9,7856.6,0.0311
1664150400000,7855.9,8170.4,7731.1,8109.6,0.0323
1664236800000,8108.9,8622.4,7911.1,8079.5,0.0311
1664323200000,8071.1,8138.5,7674.4,8069.2,0.0311
1664409600000,8069.3,8157.2,7814.1,7993,0.0321
1664496000000,7994.9,8164.7,7890.4,7985.7,0.031
1664582400000,7985.8,8062.4,7880.2,7938.9,0.0282
1664668800000,7930.7,8000.4,7729.9,7738,0.0307
1664755200000,7741.6,8022.7,7701.3,7977.3,0.0325
1664841600000,7973.6,8222.2,7918.4,8212.1,0.0319
1664928000000,8210.6,8257.6,7983.9,8169.5,0.0313
1665014400000,8169.5,8309.3,8018.1,8083.6,0.0311
1665100800000,8085.4,8099.8,7859.4,7936,0.0304
1665187200000,7936.1,8001.3,7825.4,7899.8,0.0276
1665273600000,7900.2,7991.1,7853.8,7940,0.0292
1665360000000,7940.4,8042,7708.2,7708.9,0.0299
1665446400000,7708.2,7802.6,7489.5,7684.5,0.0291
1665532800000,7686.3,7794.1,7627.6,7729.2,0.0175
1665619200000,7728.1,7748.3,7071.2,7574.4,0.0377
1665705600000,7565.4,7831.1,7328.8,7410.6,0.0236
1665792000000,7413.9,7480.3,7336.3,7385.6,0.011
1665878400000,7391.4,7684.6,7382,7596.4,0.0231
1665964800000,7592.2,7858.7,7532.2,7761.6,0.018
1666051200000,7761.8,7819.1,7390.2,7576.3,0.0143
1666137600000,7577.7,7602.1,7281.5,7344.5,0.0188
1666224000000,7343.7,7594.2,7263.1,7364.8,0.0212
1666310400000,7357.4,7508.1,7141.7,7474.6,0.0307
1666396800000,7479.8,7514.1,7326.8,7449.5,0.0143
1666483200000,7453.6,7770.8,7332.7,7644.4,0.0163
1666569600000,7646.8,7680.5,7350.1,7476.9,0.0304
1666656000000,7480.3,8319,7453.8,7882.9,0.0418
1666742400000,7884.3,8247.5,7851.6,8001.9,0.0393
1666828800000,7992.6,8452.1,7826.1,7861.3,0.0374
1666915200000,7861.1,8191.4,7709,8070.6,0.0278
1667001600000,8066.5,8382,8053.8,8235.5,0.0277
1667088000000,8235.2,8506.6,7928,8039,0.0244
1667174400000,8040.2,8210.6,7856.8,7971.5,0.0228
1667260800000,7971.1,8124.7,7820.1,7866,0.0198
1667347200000,7865.3,8060.2,7524.1,7717.3,0.0213
1667433600000,7708.7,8312.4,7672.9,7781.3,0.0376
1667520000000,7778.9,8344.7,7750.9,8232.3,0.0427
1667606400000,8237,8446,7997.4,8131.4,0.0285
1667692800000,8135,8157.8,7768.8,7783.1,0.0253
1667779200000,7781.1,8058.4,7682.2,7852.8,0.0299
1667865600000,7860.7,7893,6032.3,6565.9,0.0576
1667952000000,6557.5,6573.3,5152.1,5339,0.0479
1668038400000,5280.1,6722.4,5248,6516,0.0208
1668124800000,6518.5,6534.4,5995.9,6287.4,0.0126
1668211200000,6280.2,6290.8,5568.9,5609.5,0.0177
1668297600000,5611.6,5829.1,5447.4,5560.5,0.0097
1668384000000,5557.4,6125.3,5216.9,5853.7,0.0177
1668470400000,5877.2,6577.5,5801.4,6280.2,0.0241
1668556800000,6279.4,6616.6,6022.7,6124.8,0.0273
1668643200000,6115.8,6219,5807.1,5849.3,0.0178
1668729600000,5848.6,6076.4,5756.2,5932.9,0.0114
1668816000000,5922.5,6549.1,5866.3,6405.5,0.0359
1668902400000,6408.2,6616.3,5872.6,5971.4,0.0429
1668988800000,5971.3,6364.3,5577,5904.8,0.0409
1669075200000,5902.5,6127.9,5662.6,6003,0.0272
1669161600000,6011.3,6227.4,5868.9,6082.6,0.023
1669248000000,6078,6184.6,5909.9,5954.3,0.0184
1669334400000,5954,6347.6,5816.7,6152.9,0.0221
1669420800000,6157.6,6247,6079.5,6224.1,0.0133
1669507200000,6225.2,6377.8,6082.4,6091.1,0.0186
1669593600000,6087.1,6180.9,5845.5,6118.9,0.0137
1669680000000,6111.7,6366.4,6063.7,6306.1,0.011
1669766400000,6301.4,6769.1,6301.4,6615.9,0.0208
1669852800000,6615,6622.4,6398.1,6550,0.0159
1669939200000,6551.5,6713.7,6346.6,6655.3,0.0192
1670025600000,6649.4,6713.4,6448,6482,0.0132
1670112000000,6479.9,7344.1,6479.9,7173,0.042
1670198400000,7175.6,7352.6,6876.5,7010.9,0.0305
1670284800000,7007.2,7173.6,6908.2,7013.3,0.0182
1670371200000,7015.4,7045.7,6647.2,6828.3,0.016
1670457600000,6833.8,6920.9,6732.7,6856.1,0.0116
1670544000000,6860.4,7003.2,6722.4,6765.6,0.0127
1670630400000,6773,6841.9,6697.2,6711.6,0.0095
1670716800000,6712.5,6931.2,6709.5,6753.8,0.0159
1670803200000,6744.7,6779.9,6369.7,6432.9,0.0116
1670889600000,6437.4,6511.1,6120.2,6340.8,0.0333
1670976000000,6338.9,6476.7,6266.6,6293.8,0.0517
1671062400000,6298.2,6337.3,6002,6104.2,0.0402
1671148800000,6103.9,6160.7,5258.9,5328.4,0.0516
1671235200000,5322.3,5635,5318.8,5574.9,0.0359
1671321600000,5576,5624.6,5346.6,5384.4,0.0237
1671408000000,5384.4,5549.1,5238.9,5281.5,0.0327
1671494400000,5279.8,5519.7,5252.2,5493.6,0.0247
1671580800000,5493.6,5507.3,5330,5411.2,0.0282
1671667200000,5412.1,5517.2,5316.3,5452.9,0.0261
1671753600000,5457.6,5480.7,5327.3,5344.1,0.0189
1671840000000,5342.6,5373.1,5284.5,5340.7,0.0111
1671926400000,5343.1,5393.8,5257,5367.9,0.0074
1672012800000,5368.8,5388.4,5310.8,5382,0.0102
1672099200000,5381.9,5410.8,5318.8,5355.1,0.0187
1672185600000,5354.2,5375.2,5003.8,5077.3,0.0151
1672272000000,5080.7,5109.7,4941.9,5013.6,0.0091
1672358400000,5016.2,5047.6,4885.7,4973.8,0.0159
1672444800000,4982.3,5000.8,4892.1,4963.1,0.0049
